,ponto,evento,reta,x_rompimento,y_rompimento,inicio_janela,fim_janela
1,104.0,1.0,0.0,103.0,52.66531186493668,21.0,90.0
15,219.0,1.0,2.0,217.0,42.394239423942395,108.0,177.0
28,248.0,1.0,4.0,246.0,59.9392507593655,166.0,235.0
61,568.0,1.0,11.0,564.0,43.21966693100714,494.0,563.0
63,749.0,1.0,12.0,747.0,74.48546226723293,668.0,737.0
65,830.0,1.0,13.0,829.0,72.68177803944657,750.0,819.0
80,1059.0,1.0,21.0,1055.0,53.12710911136109,972.0,1041.0
93,1180.0,1.0,24.0,1180.0,64.71135940409684,1093.0,1162.0
105,1186.0,1.0,22.0,1182.0,70.9307764265669,1083.0,1152.0
