,indice_original_lower_pivot,valor_rsi,support_slope,support_intercept,inicio_janela,fim_janela,x_min,x_max,num_zeros
0,337.0,38.01321224860787,0.05618432433311596,15.572778000897882,288.0,437.0,337.0,824.0,3.0
1,679.0,38.01321224860787,0.07897598775515308,-15.611483437141068,541.0,690.0,541.0,679.0,3.0
2,918.0,34.32775197903092,0.075372127095547,-34.86386069468122,864.0,1013.0,918.0,990.0,3.0
3,946.0,36.43849203926376,0.12869062725477073,-85.30284134374935,876.0,1025.0,918.0,1014.0,3.0
4,967.0,39.96772288056744,0.18247481201704996,-136.48542033991987,887.0,1036.0,946.0,1037.0,4.0
5,1066.0,46.154875908520275,0.08099061434653333,-40.18111898488426,918.0,1067.0,918.0,1037.0,3.0
6,1129.0,33.81834808518556,0.050588001876015615,-23.295506032836066,1102.0,1251.0,1102.0,1262.0,3.0
7,1232.0,39.631287682177515,0.05644400696433035,-29.907728897877476,1089.0,1238.0,1102.0,1232.0,3.0
