,indice_original_upper_pivot,valor_rsi,resist_slope,resist_intercept,inicio_janela,fim_janela,x_min,x_max,num_zeros
0,461.0,84.87809422182973,-0.12377900119260457,141.94021377162045,394.0,593.0,461.0,609.0,3.0
1,540.0,75.0983871728427,-0.18157755541106627,173.15026709481853,436.0,635.0,461.0,694.0,3.0
2,670.0,58.20452124103473,-0.12996627791565518,145.28192744452372,476.0,675.0,499.0,670.0,3.0
3,677.0,58.36612194246579,-0.1221476584259854,141.0600866968579,487.0,686.0,499.0,694.0,4.0
4,1102.0,83.37460099914134,-0.2343271825218546,341.6031561382251,1039.0,1238.0,1102.0,1248.0,4.0
5,1687.0,65.15397575443038,-0.04312870971051343,137.91210903606654,1601.0,1800.0,1687.0,1807.0,3.0
